advisory_code,date,title,source,target
AA25-239A,2025-08-27,Countering Chinese State-Sponsored Actors Compromise of Networks Worldwide to Feed Global Espionage System,AISE,AISI
AA25-239A,2025-08-27,Countering Chinese State-Sponsored Actors Compromise of Networks Worldwide to Feed Global Espionage System,AISE,AIVD
AA25-239A,2025-08-27,Countering Chinese State-Sponsored Actors Compromise of Networks Worldwide to Feed Global Espionage System,AISE,ASD ACSC
AA25-239A,2025-08-27,Countering Chinese State-Sponsored Actors Compromise of Networks Worldwide to Feed Global Espionage System,AISE,AW (Poland)
AA25-239A,2025-08-27,Countering Chinese State-Sponsored Actors Compromise of Networks Worldwide to Feed Global Espionage System,AISE,BND
AA25-239A,2025-08-27,Countering Chinese State-Sponsored Actors Compromise of Networks Worldwide to Feed Global Espionage System,AISE,BSI
AA25-239A,2025-08-27,Countering Chinese State-Sponsored Actors Compromise of Networks Worldwide to Feed Global Espionage System,AISE,BfV
AA25-239A,2025-08-27,Countering Chinese State-Sponsored Actors Compromise of Networks Worldwide to Feed Global Espionage System,AISE,CISA
AA25-239A,2025-08-27,Countering Chinese State-Sponsored Actors Compromise of Networks Worldwide to Feed Global Espionage System,AISE,CNI (Spain)
AA25-239A,2025-08-27,Countering Chinese State-Sponsored Actors Compromise of Networks Worldwide to Feed Global Espionage System,AISE,CSIS (Canada)
AA25-239A,2025-08-27,Countering Chinese State-Sponsored Actors Compromise of Networks Worldwide to Feed Global Espionage System,AISE,Canadian Centre for Cyber Security (CCCS)
AA25-239A,2025-08-27,Countering Chinese State-Sponsored Actors Compromise of Networks Worldwide to Feed Global Espionage System,AISE,DC3
AA25-239A,2025-08-27,Countering Chinese State-Sponsored Actors Compromise of Networks Worldwide to Feed Global Espionage System,AISE,FBI
AA25-239A,2025-08-27,Countering Chinese State-Sponsored Actors Compromise of Networks Worldwide to Feed Global Espionage System,AISE,Japan NCO
AA25-239A,2025-08-27,Countering Chinese State-Sponsored Actors Compromise of Networks Worldwide to Feed Global Espionage System,AISE,Japan NPA
AA25-239A,2025-08-27,Countering Chinese State-Sponsored Actors Compromise of Networks Worldwide to Feed Global Espionage System,AISE,MIVD
AA25-239A,2025-08-27,Countering Chinese State-Sponsored Actors Compromise of Networks Worldwide to Feed Global Espionage System,AISE,NCSC-NZ
AA25-239A,2025-08-27,Countering Chinese State-Sponsored Actors Compromise of Networks Worldwide to Feed Global Espionage System,AISE,NCSC-UK
AA25-239A,2025-08-27,Countering Chinese State-Sponsored Actors Compromise of Networks Worldwide to Feed Global Espionage System,AISE,NSA
AA25-239A,2025-08-27,Countering Chinese State-Sponsored Actors Compromise of Networks Worldwide to Feed Global Espionage System,AISE,NÚKIB (Czech)
AA25-239A,2025-08-27,Countering Chinese State-Sponsored Actors Compromise of Networks Worldwide to Feed Global Espionage System,AISE,SKW (Poland)
AA25-239A,2025-08-27,Countering Chinese State-Sponsored Actors Compromise of Networks Worldwide to Feed Global Espionage System,AISE,SUPO (Finland)
AA25-239A,2025-08-27,Countering Chinese State-Sponsored Actors Compromise of Networks Worldwide to Feed Global Espionage System,AISI,AIVD
AA25-239A,2025-08-27,Countering Chinese State-Sponsored Actors Compromise of Networks Worldwide to Feed Global Espionage System,AISI,ASD ACSC
AA25-239A,2025-08-27,Countering Chinese State-Sponsored Actors Compromise of Networks Worldwide to Feed Global Espionage System,AISI,AW (Poland)
AA25-239A,2025-08-27,Countering Chinese State-Sponsored Actors Compromise of Networks Worldwide to Feed Global Espionage System,AISI,BND
AA25-239A,2025-08-27,Countering Chinese State-Sponsored Actors Compromise of Networks Worldwide to Feed Global Espionage System,AISI,BSI
AA25-239A,2025-08-27,Countering Chinese State-Sponsored Actors Compromise of Networks Worldwide to Feed Global Espionage System,AISI,BfV
AA25-239A,2025-08-27,Countering Chinese State-Sponsored Actors Compromise of Networks Worldwide to Feed Global Espionage System,AISI,CISA
AA25-239A,2025-08-27,Countering Chinese State-Sponsored Actors Compromise of Networks Worldwide to Feed Global Espionage System,AISI,CNI (Spain)
AA25-239A,2025-08-27,Countering Chinese State-Sponsored Actors Compromise of Networks Worldwide to Feed Global Espionage System,AISI,CSIS (Canada)
AA25-239A,2025-08-27,Countering Chinese State-Sponsored Actors Compromise of Networks Worldwide to Feed Global Espionage System,AISI,Canadian Centre for Cyber Security (CCCS)
AA25-239A,2025-08-27,Countering Chinese State-Sponsored Actors Compromise of Networks Worldwide to Feed Global Espionage System,AISI,DC3
AA25-239A,2025-08-27,Countering Chinese State-Sponsored Actors Compromise of Networks Worldwide to Feed Global Espionage System,AISI,FBI
AA25-239A,2025-08-27,Countering Chinese State-Sponsored Actors Compromise of Networks Worldwide to Feed Global Espionage System,AISI,Japan NCO
AA25-239A,2025-08-27,Countering Chinese State-Sponsored Actors Compromise of Networks Worldwide to Feed Global Espionage System,AISI,Japan NPA
AA25-239A,2025-08-27,Countering Chinese State-Sponsored Actors Compromise of Networks Worldwide to Feed Global Espionage System,AISI,MIVD
AA25-239A,2025-08-27,Countering Chinese State-Sponsored Actors Compromise of Networks Worldwide to Feed Global Espionage System,AISI,NCSC-NZ
AA25-239A,2025-08-27,Countering Chinese State-Sponsored Actors Compromise of Networks Worldwide to Feed Global Espionage System,AISI,NCSC-UK
AA25-239A,2025-08-27,Countering Chinese State-Sponsored Actors Compromise of Networks Worldwide to Feed Global Espionage System,AISI,NSA
AA25-239A,2025-08-27,Countering Chinese State-Sponsored Actors Compromise of Networks Worldwide to Feed Global Espionage System,AISI,NÚKIB (Czech)
AA25-239A,2025-08-27,Countering Chinese State-Sponsored Actors Compromise of Networks Worldwide to Feed Global Espionage System,AISI,SKW (Poland)
AA25-239A,2025-08-27,Countering Chinese State-Sponsored Actors Compromise of Networks Worldwide to Feed Global Espionage System,AISI,SUPO (Finland)
AA25-239A,2025-08-27,Countering Chinese State-Sponsored Actors Compromise of Networks Worldwide to Feed Global Espionage System,AIVD,ASD ACSC
AA25-239A,2025-08-27,Countering Chinese State-Sponsored Actors Compromise of Networks Worldwide to Feed Global Espionage System,AIVD,AW (Poland)
AA25-239A,2025-08-27,Countering Chinese State-Sponsored Actors Compromise of Networks Worldwide to Feed Global Espionage System,AIVD,BND
AA25-239A,2025-08-27,Countering Chinese State-Sponsored Actors Compromise of Networks Worldwide to Feed Global Espionage System,AIVD,BSI
AA25-239A,2025-08-27,Countering Chinese State-Sponsored Actors Compromise of Networks Worldwide to Feed Global Espionage System,AIVD,BfV
AA25-239A,2025-08-27,Countering Chinese State-Sponsored Actors Compromise of Networks Worldwide to Feed Global Espionage System,AIVD,CISA
AA25-239A,2025-08-27,Countering Chinese State-Sponsored Actors Compromise of Networks Worldwide to Feed Global Espionage System,AIVD,CNI (Spain)
AA25-239A,2025-08-27,Countering Chinese State-Sponsored Actors Compromise of Networks Worldwide to Feed Global Espionage System,AIVD,CSIS (Canada)
AA25-239A,2025-08-27,Countering Chinese State-Sponsored Actors Compromise of Networks Worldwide to Feed Global Espionage System,AIVD,Canadian Centre for Cyber Security (CCCS)
AA25-239A,2025-08-27,Countering Chinese State-Sponsored Actors Compromise of Networks Worldwide to Feed Global Espionage System,AIVD,DC3
AA25-239A,2025-08-27,Countering Chinese State-Sponsored Actors Compromise of Networks Worldwide to Feed Global Espionage System,AIVD,FBI
AA25-239A,2025-08-27,Countering Chinese State-Sponsored Actors Compromise of Networks Worldwide to Feed Global Espionage System,AIVD,Japan NCO
AA25-239A,2025-08-27,Countering Chinese State-Sponsored Actors Compromise of Networks Worldwide to Feed Global Espionage System,AIVD,Japan NPA
AA25-239A,2025-08-27,Countering Chinese State-Sponsored Actors Compromise of Networks Worldwide to Feed Global Espionage System,AIVD,MIVD
AA25-239A,2025-08-27,Countering Chinese State-Sponsored Actors Compromise of Networks Worldwide to Feed Global Espionage System,AIVD,NCSC-NZ
AA25-239A,2025-08-27,Countering Chinese State-Sponsored Actors Compromise of Networks Worldwide to Feed Global Espionage System,AIVD,NCSC-UK
AA25-239A,2025-08-27,Countering Chinese State-Sponsored Actors Compromise of Networks Worldwide to Feed Global Espionage System,AIVD,NSA
AA25-239A,2025-08-27,Countering Chinese State-Sponsored Actors Compromise of Networks Worldwide to Feed Global Espionage System,AIVD,NÚKIB (Czech)
AA25-239A,2025-08-27,Countering Chinese State-Sponsored Actors Compromise of Networks Worldwide to Feed Global Espionage System,AIVD,SKW (Poland)
AA25-239A,2025-08-27,Countering Chinese State-Sponsored Actors Compromise of Networks Worldwide to Feed Global Espionage System,AIVD,SUPO (Finland)
AA25-239A,2025-08-27,Countering Chinese State-Sponsored Actors Compromise of Networks Worldwide to Feed Global Espionage System,ASD ACSC,AW (Poland)
AA25-239A,2025-08-27,Countering Chinese State-Sponsored Actors Compromise of Networks Worldwide to Feed Global Espionage System,ASD ACSC,BND
AA25-239A,2025-08-27,Countering Chinese State-Sponsored Actors Compromise of Networks Worldwide to Feed Global Espionage System,ASD ACSC,BSI
AA25-239A,2025-08-27,Countering Chinese State-Sponsored Actors Compromise of Networks Worldwide to Feed Global Espionage System,ASD ACSC,BfV
AA25-239A,2025-08-27,Countering Chinese State-Sponsored Actors Compromise of Networks Worldwide to Feed Global Espionage System,ASD ACSC,CISA
AA25-239A,2025-08-27,Countering Chinese State-Sponsored Actors Compromise of Networks Worldwide to Feed Global Espionage System,ASD ACSC,CNI (Spain)
AA25-239A,2025-08-27,Countering Chinese State-Sponsored Actors Compromise of Networks Worldwide to Feed Global Espionage System,ASD ACSC,CSIS (Canada)
AA25-239A,2025-08-27,Countering Chinese State-Sponsored Actors Compromise of Networks Worldwide to Feed Global Espionage System,ASD ACSC,Canadian Centre for Cyber Security (CCCS)
AA25-239A,2025-08-27,Countering Chinese State-Sponsored Actors Compromise of Networks Worldwide to Feed Global Espionage System,ASD ACSC,DC3
AA25-239A,2025-08-27,Countering Chinese State-Sponsored Actors Compromise of Networks Worldwide to Feed Global Espionage System,ASD ACSC,FBI
AA25-239A,2025-08-27,Countering Chinese State-Sponsored Actors Compromise of Networks Worldwide to Feed Global Espionage System,ASD ACSC,Japan NCO
AA25-239A,2025-08-27,Countering Chinese State-Sponsored Actors Compromise of Networks Worldwide to Feed Global Espionage System,ASD ACSC,Japan NPA
AA25-239A,2025-08-27,Countering Chinese State-Sponsored Actors Compromise of Networks Worldwide to Feed Global Espionage System,ASD ACSC,MIVD
AA25-239A,2025-08-27,Countering Chinese State-Sponsored Actors Compromise of Networks Worldwide to Feed Global Espionage System,ASD ACSC,NCSC-NZ
AA25-239A,2025-08-27,Countering Chinese State-Sponsored Actors Compromise of Networks Worldwide to Feed Global Espionage System,ASD ACSC,NCSC-UK
AA25-239A,2025-08-27,Countering Chinese State-Sponsored Actors Compromise of Networks Worldwide to Feed Global Espionage System,ASD ACSC,NSA
AA25-239A,2025-08-27,Countering Chinese State-Sponsored Actors Compromise of Networks Worldwide to Feed Global Espionage System,ASD ACSC,NÚKIB (Czech)
AA25-239A,2025-08-27,Countering Chinese State-Sponsored Actors Compromise of Networks Worldwide to Feed Global Espionage System,ASD ACSC,SKW (Poland)
AA25-239A,2025-08-27,Countering Chinese State-Sponsored Actors Compromise of Networks Worldwide to Feed Global Espionage System,ASD ACSC,SUPO (Finland)
AA25-239A,2025-08-27,Countering Chinese State-Sponsored Actors Compromise of Networks Worldwide to Feed Global Espionage System,AW (Poland),BND
AA25-239A,2025-08-27,Countering Chinese State-Sponsored Actors Compromise of Networks Worldwide to Feed Global Espionage System,AW (Poland),BSI
AA25-239A,2025-08-27,Countering Chinese State-Sponsored Actors Compromise of Networks Worldwide to Feed Global Espionage System,AW (Poland),BfV
AA25-239A,2025-08-27,Countering Chinese State-Sponsored Actors Compromise of Networks Worldwide to Feed Global Espionage System,AW (Poland),CISA
AA25-239A,2025-08-27,Countering Chinese State-Sponsored Actors Compromise of Networks Worldwide to Feed Global Espionage System,AW (Poland),CNI (Spain)
AA25-239A,2025-08-27,Countering Chinese State-Sponsored Actors Compromise of Networks Worldwide to Feed Global Espionage System,AW (Poland),CSIS (Canada)
AA25-239A,2025-08-27,Countering Chinese State-Sponsored Actors Compromise of Networks Worldwide to Feed Global Espionage System,AW (Poland),Canadian Centre for Cyber Security (CCCS)
AA25-239A,2025-08-27,Countering Chinese State-Sponsored Actors Compromise of Networks Worldwide to Feed Global Espionage System,AW (Poland),DC3
AA25-239A,2025-08-27,Countering Chinese State-Sponsored Actors Compromise of Networks Worldwide to Feed Global Espionage System,AW (Poland),FBI
AA25-239A,2025-08-27,Countering Chinese State-Sponsored Actors Compromise of Networks Worldwide to Feed Global Espionage System,AW (Poland),Japan NCO
AA25-239A,2025-08-27,Countering Chinese State-Sponsored Actors Compromise of Networks Worldwide to Feed Global Espionage System,AW (Poland),Japan NPA
AA25-239A,2025-08-27,Countering Chinese State-Sponsored Actors Compromise of Networks Worldwide to Feed Global Espionage System,AW (Poland),MIVD
AA25-239A,2025-08-27,Countering Chinese State-Sponsored Actors Compromise of Networks Worldwide to Feed Global Espionage System,AW (Poland),NCSC-NZ
AA25-239A,2025-08-27,Countering Chinese State-Sponsored Actors Compromise of Networks Worldwide to Feed Global Espionage System,AW (Poland),NCSC-UK
AA25-239A,2025-08-27,Countering Chinese State-Sponsored Actors Compromise of Networks Worldwide to Feed Global Espionage System,AW (Poland),NSA
AA25-239A,2025-08-27,Countering Chinese State-Sponsored Actors Compromise of Networks Worldwide to Feed Global Espionage System,AW (Poland),NÚKIB (Czech)
AA25-239A,2025-08-27,Countering Chinese State-Sponsored Actors Compromise of Networks Worldwide to Feed Global Espionage System,AW (Poland),SKW (Poland)
AA25-239A,2025-08-27,Countering Chinese State-Sponsored Actors Compromise of Networks Worldwide to Feed Global Espionage System,AW (Poland),SUPO (Finland)
AA25-239A,2025-08-27,Countering Chinese State-Sponsored Actors Compromise of Networks Worldwide to Feed Global Espionage System,BND,BSI
AA25-239A,2025-08-27,Countering Chinese State-Sponsored Actors Compromise of Networks Worldwide to Feed Global Espionage System,BND,BfV
AA25-239A,2025-08-27,Countering Chinese State-Sponsored Actors Compromise of Networks Worldwide to Feed Global Espionage System,BND,CISA
AA25-239A,2025-08-27,Countering Chinese State-Sponsored Actors Compromise of Networks Worldwide to Feed Global Espionage System,BND,CNI (Spain)
AA25-239A,2025-08-27,Countering Chinese State-Sponsored Actors Compromise of Networks Worldwide to Feed Global Espionage System,BND,CSIS (Canada)
AA25-239A,2025-08-27,Countering Chinese State-Sponsored Actors Compromise of Networks Worldwide to Feed Global Espionage System,BND,Canadian Centre for Cyber Security (CCCS)
AA25-239A,2025-08-27,Countering Chinese State-Sponsored Actors Compromise of Networks Worldwide to Feed Global Espionage System,BND,DC3
AA25-239A,2025-08-27,Countering Chinese State-Sponsored Actors Compromise of Networks Worldwide to Feed Global Espionage System,BND,FBI
AA25-239A,2025-08-27,Countering Chinese State-Sponsored Actors Compromise of Networks Worldwide to Feed Global Espionage System,BND,Japan NCO
AA25-239A,2025-08-27,Countering Chinese State-Sponsored Actors Compromise of Networks Worldwide to Feed Global Espionage System,BND,Japan NPA
AA25-239A,2025-08-27,Countering Chinese State-Sponsored Actors Compromise of Networks Worldwide to Feed Global Espionage System,BND,MIVD
AA25-239A,2025-08-27,Countering Chinese State-Sponsored Actors Compromise of Networks Worldwide to Feed Global Espionage System,BND,NCSC-NZ
AA25-239A,2025-08-27,Countering Chinese State-Sponsored Actors Compromise of Networks Worldwide to Feed Global Espionage System,BND,NCSC-UK
AA25-239A,2025-08-27,Countering Chinese State-Sponsored Actors Compromise of Networks Worldwide to Feed Global Espionage System,BND,NSA
AA25-239A,2025-08-27,Countering Chinese State-Sponsored Actors Compromise of Networks Worldwide to Feed Global Espionage System,BND,NÚKIB (Czech)
AA25-239A,2025-08-27,Countering Chinese State-Sponsored Actors Compromise of Networks Worldwide to Feed Global Espionage System,BND,SKW (Poland)
AA25-239A,2025-08-27,Countering Chinese State-Sponsored Actors Compromise of Networks Worldwide to Feed Global Espionage System,BND,SUPO (Finland)
AA25-239A,2025-08-27,Countering Chinese State-Sponsored Actors Compromise of Networks Worldwide to Feed Global Espionage System,BSI,BfV
AA25-239A,2025-08-27,Countering Chinese State-Sponsored Actors Compromise of Networks Worldwide to Feed Global Espionage System,BSI,CISA
AA25-239A,2025-08-27,Countering Chinese State-Sponsored Actors Compromise of Networks Worldwide to Feed Global Espionage System,BSI,CNI (Spain)
AA25-239A,2025-08-27,Countering Chinese State-Sponsored Actors Compromise of Networks Worldwide to Feed Global Espionage System,BSI,CSIS (Canada)
AA25-239A,2025-08-27,Countering Chinese State-Sponsored Actors Compromise of Networks Worldwide to Feed Global Espionage System,BSI,Canadian Centre for Cyber Security (CCCS)
AA25-239A,2025-08-27,Countering Chinese State-Sponsored Actors Compromise of Networks Worldwide to Feed Global Espionage System,BSI,DC3
AA25-239A,2025-08-27,Countering Chinese State-Sponsored Actors Compromise of Networks Worldwide to Feed Global Espionage System,BSI,FBI
AA25-239A,2025-08-27,Countering Chinese State-Sponsored Actors Compromise of Networks Worldwide to Feed Global Espionage System,BSI,Japan NCO
AA25-239A,2025-08-27,Countering Chinese State-Sponsored Actors Compromise of Networks Worldwide to Feed Global Espionage System,BSI,Japan NPA
AA25-239A,2025-08-27,Countering Chinese State-Sponsored Actors Compromise of Networks Worldwide to Feed Global Espionage System,BSI,MIVD
AA25-239A,2025-08-27,Countering Chinese State-Sponsored Actors Compromise of Networks Worldwide to Feed Global Espionage System,BSI,NCSC-NZ
AA25-239A,2025-08-27,Countering Chinese State-Sponsored Actors Compromise of Networks Worldwide to Feed Global Espionage System,BSI,NCSC-UK
AA25-239A,2025-08-27,Countering Chinese State-Sponsored Actors Compromise of Networks Worldwide to Feed Global Espionage System,BSI,NSA
AA25-239A,2025-08-27,Countering Chinese State-Sponsored Actors Compromise of Networks Worldwide to Feed Global Espionage System,BSI,NÚKIB (Czech)
AA25-239A,2025-08-27,Countering Chinese State-Sponsored Actors Compromise of Networks Worldwide to Feed Global Espionage System,BSI,SKW (Poland)
AA25-239A,2025-08-27,Countering Chinese State-Sponsored Actors Compromise of Networks Worldwide to Feed Global Espionage System,BSI,SUPO (Finland)
AA25-239A,2025-08-27,Countering Chinese State-Sponsored Actors Compromise of Networks Worldwide to Feed Global Espionage System,BfV,CISA
AA25-239A,2025-08-27,Countering Chinese State-Sponsored Actors Compromise of Networks Worldwide to Feed Global Espionage System,BfV,CNI (Spain)
AA25-239A,2025-08-27,Countering Chinese State-Sponsored Actors Compromise of Networks Worldwide to Feed Global Espionage System,BfV,CSIS (Canada)
AA25-239A,2025-08-27,Countering Chinese State-Sponsored Actors Compromise of Networks Worldwide to Feed Global Espionage System,BfV,Canadian Centre for Cyber Security (CCCS)
AA25-239A,2025-08-27,Countering Chinese State-Sponsored Actors Compromise of Networks Worldwide to Feed Global Espionage System,BfV,DC3
AA25-239A,2025-08-27,Countering Chinese State-Sponsored Actors Compromise of Networks Worldwide to Feed Global Espionage System,BfV,FBI
AA25-239A,2025-08-27,Countering Chinese State-Sponsored Actors Compromise of Networks Worldwide to Feed Global Espionage System,BfV,Japan NCO
AA25-239A,2025-08-27,Countering Chinese State-Sponsored Actors Compromise of Networks Worldwide to Feed Global Espionage System,BfV,Japan NPA
AA25-239A,2025-08-27,Countering Chinese State-Sponsored Actors Compromise of Networks Worldwide to Feed Global Espionage System,BfV,MIVD
AA25-239A,2025-08-27,Countering Chinese State-Sponsored Actors Compromise of Networks Worldwide to Feed Global Espionage System,BfV,NCSC-NZ
AA25-239A,2025-08-27,Countering Chinese State-Sponsored Actors Compromise of Networks Worldwide to Feed Global Espionage System,BfV,NCSC-UK
AA25-239A,2025-08-27,Countering Chinese State-Sponsored Actors Compromise of Networks Worldwide to Feed Global Espionage System,BfV,NSA
AA25-239A,2025-08-27,Countering Chinese State-Sponsored Actors Compromise of Networks Worldwide to Feed Global Espionage System,BfV,NÚKIB (Czech)
AA25-239A,2025-08-27,Countering Chinese State-Sponsored Actors Compromise of Networks Worldwide to Feed Global Espionage System,BfV,SKW (Poland)
AA25-239A,2025-08-27,Countering Chinese State-Sponsored Actors Compromise of Networks Worldwide to Feed Global Espionage System,BfV,SUPO (Finland)
AA25-239A,2025-08-27,Countering Chinese State-Sponsored Actors Compromise of Networks Worldwide to Feed Global Espionage System,CISA,CNI (Spain)
AA25-239A,2025-08-27,Countering Chinese State-Sponsored Actors Compromise of Networks Worldwide to Feed Global Espionage System,CISA,CSIS (Canada)
AA25-239A,2025-08-27,Countering Chinese State-Sponsored Actors Compromise of Networks Worldwide to Feed Global Espionage System,CISA,Canadian Centre for Cyber Security (CCCS)
AA25-239A,2025-08-27,Countering Chinese State-Sponsored Actors Compromise of Networks Worldwide to Feed Global Espionage System,CISA,DC3
AA25-239A,2025-08-27,Countering Chinese State-Sponsored Actors Compromise of Networks Worldwide to Feed Global Espionage System,CISA,FBI
AA25-239A,2025-08-27,Countering Chinese State-Sponsored Actors Compromise of Networks Worldwide to Feed Global Espionage System,CISA,Japan NCO
AA25-239A,2025-08-27,Countering Chinese State-Sponsored Actors Compromise of Networks Worldwide to Feed Global Espionage System,CISA,Japan NPA
AA25-239A,2025-08-27,Countering Chinese State-Sponsored Actors Compromise of Networks Worldwide to Feed Global Espionage System,CISA,MIVD
AA25-239A,2025-08-27,Countering Chinese State-Sponsored Actors Compromise of Networks Worldwide to Feed Global Espionage System,CISA,NCSC-NZ
AA25-239A,2025-08-27,Countering Chinese State-Sponsored Actors Compromise of Networks Worldwide to Feed Global Espionage System,CISA,NCSC-UK
AA25-239A,2025-08-27,Countering Chinese State-Sponsored Actors Compromise of Networks Worldwide to Feed Global Espionage System,CISA,NSA
AA25-239A,2025-08-27,Countering Chinese State-Sponsored Actors Compromise of Networks Worldwide to Feed Global Espionage System,CISA,NÚKIB (Czech)
AA25-239A,2025-08-27,Countering Chinese State-Sponsored Actors Compromise of Networks Worldwide to Feed Global Espionage System,CISA,SKW (Poland)
AA25-239A,2025-08-27,Countering Chinese State-Sponsored Actors Compromise of Networks Worldwide to Feed Global Espionage System,CISA,SUPO (Finland)
AA25-239A,2025-08-27,Countering Chinese State-Sponsored Actors Compromise of Networks Worldwide to Feed Global Espionage System,CNI (Spain),CSIS (Canada)
AA25-239A,2025-08-27,Countering Chinese State-Sponsored Actors Compromise of Networks Worldwide to Feed Global Espionage System,CNI (Spain),Canadian Centre for Cyber Security (CCCS)
AA25-239A,2025-08-27,Countering Chinese State-Sponsored Actors Compromise of Networks Worldwide to Feed Global Espionage System,CNI (Spain),DC3
AA25-239A,2025-08-27,Countering Chinese State-Sponsored Actors Compromise of Networks Worldwide to Feed Global Espionage System,CNI (Spain),FBI
AA25-239A,2025-08-27,Countering Chinese State-Sponsored Actors Compromise of Networks Worldwide to Feed Global Espionage System,CNI (Spain),Japan NCO
AA25-239A,2025-08-27,Countering Chinese State-Sponsored Actors Compromise of Networks Worldwide to Feed Global Espionage System,CNI (Spain),Japan NPA
AA25-239A,2025-08-27,Countering Chinese State-Sponsored Actors Compromise of Networks Worldwide to Feed Global Espionage System,CNI (Spain),MIVD
AA25-239A,2025-08-27,Countering Chinese State-Sponsored Actors Compromise of Networks Worldwide to Feed Global Espionage System,CNI (Spain),NCSC-NZ
AA25-239A,2025-08-27,Countering Chinese State-Sponsored Actors Compromise of Networks Worldwide to Feed Global Espionage System,CNI (Spain),NCSC-UK
AA25-239A,2025-08-27,Countering Chinese State-Sponsored Actors Compromise of Networks Worldwide to Feed Global Espionage System,CNI (Spain),NSA
AA25-239A,2025-08-27,Countering Chinese State-Sponsored Actors Compromise of Networks Worldwide to Feed Global Espionage System,CNI (Spain),NÚKIB (Czech)
AA25-239A,2025-08-27,Countering Chinese State-Sponsored Actors Compromise of Networks Worldwide to Feed Global Espionage System,CNI (Spain),SKW (Poland)
AA25-239A,2025-08-27,Countering Chinese State-Sponsored Actors Compromise of Networks Worldwide to Feed Global Espionage System,CNI (Spain),SUPO (Finland)
AA25-239A,2025-08-27,Countering Chinese State-Sponsored Actors Compromise of Networks Worldwide to Feed Global Espionage System,CSIS (Canada),Canadian Centre for Cyber Security (CCCS)
AA25-239A,2025-08-27,Countering Chinese State-Sponsored Actors Compromise of Networks Worldwide to Feed Global Espionage System,CSIS (Canada),DC3
AA25-239A,2025-08-27,Countering Chinese State-Sponsored Actors Compromise of Networks Worldwide to Feed Global Espionage System,CSIS (Canada),FBI
AA25-239A,2025-08-27,Countering Chinese State-Sponsored Actors Compromise of Networks Worldwide to Feed Global Espionage System,CSIS (Canada),Japan NCO
AA25-239A,2025-08-27,Countering Chinese State-Sponsored Actors Compromise of Networks Worldwide to Feed Global Espionage System,CSIS (Canada),Japan NPA
AA25-239A,2025-08-27,Countering Chinese State-Sponsored Actors Compromise of Networks Worldwide to Feed Global Espionage System,CSIS (Canada),MIVD
AA25-239A,2025-08-27,Countering Chinese State-Sponsored Actors Compromise of Networks Worldwide to Feed Global Espionage System,CSIS (Canada),NCSC-NZ
AA25-239A,2025-08-27,Countering Chinese State-Sponsored Actors Compromise of Networks Worldwide to Feed Global Espionage System,CSIS (Canada),NCSC-UK
AA25-239A,2025-08-27,Countering Chinese State-Sponsored Actors Compromise of Networks Worldwide to Feed Global Espionage System,CSIS (Canada),NSA
AA25-239A,2025-08-27,Countering Chinese State-Sponsored Actors Compromise of Networks Worldwide to Feed Global Espionage System,CSIS (Canada),NÚKIB (Czech)
AA25-239A,2025-08-27,Countering Chinese State-Sponsored Actors Compromise of Networks Worldwide to Feed Global Espionage System,CSIS (Canada),SKW (Poland)
AA25-239A,2025-08-27,Countering Chinese State-Sponsored Actors Compromise of Networks Worldwide to Feed Global Espionage System,CSIS (Canada),SUPO (Finland)
AA25-239A,2025-08-27,Countering Chinese State-Sponsored Actors Compromise of Networks Worldwide to Feed Global Espionage System,Canadian Centre for Cyber Security (CCCS),DC3
AA25-239A,2025-08-27,Countering Chinese State-Sponsored Actors Compromise of Networks Worldwide to Feed Global Espionage System,Canadian Centre for Cyber Security (CCCS),FBI
AA25-239A,2025-08-27,Countering Chinese State-Sponsored Actors Compromise of Networks Worldwide to Feed Global Espionage System,Canadian Centre for Cyber Security (CCCS),Japan NCO
AA25-239A,2025-08-27,Countering Chinese State-Sponsored Actors Compromise of Networks Worldwide to Feed Global Espionage System,Canadian Centre for Cyber Security (CCCS),Japan NPA
AA25-239A,2025-08-27,Countering Chinese State-Sponsored Actors Compromise of Networks Worldwide to Feed Global Espionage System,Canadian Centre for Cyber Security (CCCS),MIVD
AA25-239A,2025-08-27,Countering Chinese State-Sponsored Actors Compromise of Networks Worldwide to Feed Global Espionage System,Canadian Centre for Cyber Security (CCCS),NCSC-NZ
AA25-239A,2025-08-27,Countering Chinese State-Sponsored Actors Compromise of Networks Worldwide to Feed Global Espionage System,Canadian Centre for Cyber Security (CCCS),NCSC-UK
AA25-239A,2025-08-27,Countering Chinese State-Sponsored Actors Compromise of Networks Worldwide to Feed Global Espionage System,Canadian Centre for Cyber Security (CCCS),NSA
AA25-239A,2025-08-27,Countering Chinese State-Sponsored Actors Compromise of Networks Worldwide to Feed Global Espionage System,Canadian Centre for Cyber Security (CCCS),NÚKIB (Czech)
AA25-239A,2025-08-27,Countering Chinese State-Sponsored Actors Compromise of Networks Worldwide to Feed Global Espionage System,Canadian Centre for Cyber Security (CCCS),SKW (Poland)
AA25-239A,2025-08-27,Countering Chinese State-Sponsored Actors Compromise of Networks Worldwide to Feed Global Espionage System,Canadian Centre for Cyber Security (CCCS),SUPO (Finland)
AA25-239A,2025-08-27,Countering Chinese State-Sponsored Actors Compromise of Networks Worldwide to Feed Global Espionage System,DC3,FBI
AA25-239A,2025-08-27,Countering Chinese State-Sponsored Actors Compromise of Networks Worldwide to Feed Global Espionage System,DC3,Japan NCO
AA25-239A,2025-08-27,Countering Chinese State-Sponsored Actors Compromise of Networks Worldwide to Feed Global Espionage System,DC3,Japan NPA
AA25-239A,2025-08-27,Countering Chinese State-Sponsored Actors Compromise of Networks Worldwide to Feed Global Espionage System,DC3,MIVD
AA25-239A,2025-08-27,Countering Chinese State-Sponsored Actors Compromise of Networks Worldwide to Feed Global Espionage System,DC3,NCSC-NZ
AA25-239A,2025-08-27,Countering Chinese State-Sponsored Actors Compromise of Networks Worldwide to Feed Global Espionage System,DC3,NCSC-UK
AA25-239A,2025-08-27,Countering Chinese State-Sponsored Actors Compromise of Networks Worldwide to Feed Global Espionage System,DC3,NSA
AA25-239A,2025-08-27,Countering Chinese State-Sponsored Actors Compromise of Networks Worldwide to Feed Global Espionage System,DC3,NÚKIB (Czech)
AA25-239A,2025-08-27,Countering Chinese State-Sponsored Actors Compromise of Networks Worldwide to Feed Global Espionage System,DC3,SKW (Poland)
AA25-239A,2025-08-27,Countering Chinese State-Sponsored Actors Compromise of Networks Worldwide to Feed Global Espionage System,DC3,SUPO (Finland)
AA25-239A,2025-08-27,Countering Chinese State-Sponsored Actors Compromise of Networks Worldwide to Feed Global Espionage System,FBI,Japan NCO
AA25-239A,2025-08-27,Countering Chinese State-Sponsored Actors Compromise of Networks Worldwide to Feed Global Espionage System,FBI,Japan NPA
AA25-239A,2025-08-27,Countering Chinese State-Sponsored Actors Compromise of Networks Worldwide to Feed Global Espionage System,FBI,MIVD
AA25-239A,2025-08-27,Countering Chinese State-Sponsored Actors Compromise of Networks Worldwide to Feed Global Espionage System,FBI,NCSC-NZ
AA25-239A,2025-08-27,Countering Chinese State-Sponsored Actors Compromise of Networks Worldwide to Feed Global Espionage System,FBI,NCSC-UK
AA25-239A,2025-08-27,Countering Chinese State-Sponsored Actors Compromise of Networks Worldwide to Feed Global Espionage System,FBI,NSA
AA25-239A,2025-08-27,Countering Chinese State-Sponsored Actors Compromise of Networks Worldwide to Feed Global Espionage System,FBI,NÚKIB (Czech)
AA25-239A,2025-08-27,Countering Chinese State-Sponsored Actors Compromise of Networks Worldwide to Feed Global Espionage System,FBI,SKW (Poland)
AA25-239A,2025-08-27,Countering Chinese State-Sponsored Actors Compromise of Networks Worldwide to Feed Global Espionage System,FBI,SUPO (Finland)
AA25-239A,2025-08-27,Countering Chinese State-Sponsored Actors Compromise of Networks Worldwide to Feed Global Espionage System,Japan NCO,Japan NPA
AA25-239A,2025-08-27,Countering Chinese State-Sponsored Actors Compromise of Networks Worldwide to Feed Global Espionage System,Japan NCO,MIVD
AA25-239A,2025-08-27,Countering Chinese State-Sponsored Actors Compromise of Networks Worldwide to Feed Global Espionage System,Japan NCO,NCSC-NZ
AA25-239A,2025-08-27,Countering Chinese State-Sponsored Actors Compromise of Networks Worldwide to Feed Global Espionage System,Japan NCO,NCSC-UK
AA25-239A,2025-08-27,Countering Chinese State-Sponsored Actors Compromise of Networks Worldwide to Feed Global Espionage System,Japan NCO,NSA
AA25-239A,2025-08-27,Countering Chinese State-Sponsored Actors Compromise of Networks Worldwide to Feed Global Espionage System,Japan NCO,NÚKIB (Czech)
AA25-239A,2025-08-27,Countering Chinese State-Sponsored Actors Compromise of Networks Worldwide to Feed Global Espionage System,Japan NCO,SKW (Poland)
AA25-239A,2025-08-27,Countering Chinese State-Sponsored Actors Compromise of Networks Worldwide to Feed Global Espionage System,Japan NCO,SUPO (Finland)
AA25-239A,2025-08-27,Countering Chinese State-Sponsored Actors Compromise of Networks Worldwide to Feed Global Espionage System,Japan NPA,MIVD
AA25-239A,2025-08-27,Countering Chinese State-Sponsored Actors Compromise of Networks Worldwide to Feed Global Espionage System,Japan NPA,NCSC-NZ
AA25-239A,2025-08-27,Countering Chinese State-Sponsored Actors Compromise of Networks Worldwide to Feed Global Espionage System,Japan NPA,NCSC-UK
AA25-239A,2025-08-27,Countering Chinese State-Sponsored Actors Compromise of Networks Worldwide to Feed Global Espionage System,Japan NPA,NSA
AA25-239A,2025-08-27,Countering Chinese State-Sponsored Actors Compromise of Networks Worldwide to Feed Global Espionage System,Japan NPA,NÚKIB (Czech)
AA25-239A,2025-08-27,Countering Chinese State-Sponsored Actors Compromise of Networks Worldwide to Feed Global Espionage System,Japan NPA,SKW (Poland)
AA25-239A,2025-08-27,Countering Chinese State-Sponsored Actors Compromise of Networks Worldwide to Feed Global Espionage System,Japan NPA,SUPO (Finland)
AA25-239A,2025-08-27,Countering Chinese State-Sponsored Actors Compromise of Networks Worldwide to Feed Global Espionage System,MIVD,NCSC-NZ
AA25-239A,2025-08-27,Countering Chinese State-Sponsored Actors Compromise of Networks Worldwide to Feed Global Espionage System,MIVD,NCSC-UK
AA25-239A,2025-08-27,Countering Chinese State-Sponsored Actors Compromise of Networks Worldwide to Feed Global Espionage System,MIVD,NSA
AA25-239A,2025-08-27,Countering Chinese State-Sponsored Actors Compromise of Networks Worldwide to Feed Global Espionage System,MIVD,NÚKIB (Czech)
AA25-239A,2025-08-27,Countering Chinese State-Sponsored Actors Compromise of Networks Worldwide to Feed Global Espionage System,MIVD,SKW (Poland)
AA25-239A,2025-08-27,Countering Chinese State-Sponsored Actors Compromise of Networks Worldwide to Feed Global Espionage System,MIVD,SUPO (Finland)
AA25-239A,2025-08-27,Countering Chinese State-Sponsored Actors Compromise of Networks Worldwide to Feed Global Espionage System,NCSC-NZ,NCSC-UK
AA25-239A,2025-08-27,Countering Chinese State-Sponsored Actors Compromise of Networks Worldwide to Feed Global Espionage System,NCSC-NZ,NSA
AA25-239A,2025-08-27,Countering Chinese State-Sponsored Actors Compromise of Networks Worldwide to Feed Global Espionage System,NCSC-NZ,NÚKIB (Czech)
AA25-239A,2025-08-27,Countering Chinese State-Sponsored Actors Compromise of Networks Worldwide to Feed Global Espionage System,NCSC-NZ,SKW (Poland)
AA25-239A,2025-08-27,Countering Chinese State-Sponsored Actors Compromise of Networks Worldwide to Feed Global Espionage System,NCSC-NZ,SUPO (Finland)
AA25-239A,2025-08-27,Countering Chinese State-Sponsored Actors Compromise of Networks Worldwide to Feed Global Espionage System,NCSC-UK,NSA
AA25-239A,2025-08-27,Countering Chinese State-Sponsored Actors Compromise of Networks Worldwide to Feed Global Espionage System,NCSC-UK,NÚKIB (Czech)
AA25-239A,2025-08-27,Countering Chinese State-Sponsored Actors Compromise of Networks Worldwide to Feed Global Espionage System,NCSC-UK,SKW (Poland)
AA25-239A,2025-08-27,Countering Chinese State-Sponsored Actors Compromise of Networks Worldwide to Feed Global Espionage System,NCSC-UK,SUPO (Finland)
AA25-239A,2025-08-27,Countering Chinese State-Sponsored Actors Compromise of Networks Worldwide to Feed Global Espionage System,NSA,NÚKIB (Czech)
AA25-239A,2025-08-27,Countering Chinese State-Sponsored Actors Compromise of Networks Worldwide to Feed Global Espionage System,NSA,SKW (Poland)
AA25-239A,2025-08-27,Countering Chinese State-Sponsored Actors Compromise of Networks Worldwide to Feed Global Espionage System,NSA,SUPO (Finland)
AA25-239A,2025-08-27,Countering Chinese State-Sponsored Actors Compromise of Networks Worldwide to Feed Global Espionage System,NÚKIB (Czech),SKW (Poland)
AA25-239A,2025-08-27,Countering Chinese State-Sponsored Actors Compromise of Networks Worldwide to Feed Global Espionage System,NÚKIB (Czech),SUPO (Finland)
AA25-239A,2025-08-27,Countering Chinese State-Sponsored Actors Compromise of Networks Worldwide to Feed Global Espionage System,SKW (Poland),SUPO (Finland)
AA25-141A,2025-05-21,Russian GRU Highlights and Exploits Persistent Risks in US Logistics and Transportation Sectors,ASD ACSC,CISA
AA25-141A,2025-05-21,Russian GRU Highlights and Exploits Persistent Risks in US Logistics and Transportation Sectors,ASD ACSC,Canadian Centre for Cyber Security (CCCS)
AA25-141A,2025-05-21,Russian GRU Highlights and Exploits Persistent Risks in US Logistics and Transportation Sectors,ASD ACSC,DOT
AA25-141A,2025-05-21,Russian GRU Highlights and Exploits Persistent Risks in US Logistics and Transportation Sectors,ASD ACSC,DTRA
AA25-141A,2025-05-21,Russian GRU Highlights and Exploits Persistent Risks in US Logistics and Transportation Sectors,ASD ACSC,FAA
AA25-141A,2025-05-21,Russian GRU Highlights and Exploits Persistent Risks in US Logistics and Transportation Sectors,ASD ACSC,FBI
AA25-141A,2025-05-21,Russian GRU Highlights and Exploits Persistent Risks in US Logistics and Transportation Sectors,ASD ACSC,NCSC-NZ
AA25-141A,2025-05-21,Russian GRU Highlights and Exploits Persistent Risks in US Logistics and Transportation Sectors,ASD ACSC,NCSC-UK
AA25-141A,2025-05-21,Russian GRU Highlights and Exploits Persistent Risks in US Logistics and Transportation Sectors,ASD ACSC,NSA
AA25-141A,2025-05-21,Russian GRU Highlights and Exploits Persistent Risks in US Logistics and Transportation Sectors,ASD ACSC,TSA
AA25-141A,2025-05-21,Russian GRU Highlights and Exploits Persistent Risks in US Logistics and Transportation Sectors,ASD ACSC,USCG CYBER
AA25-141A,2025-05-21,Russian GRU Highlights and Exploits Persistent Risks in US Logistics and Transportation Sectors,ASD ACSC,USCYBERCOM CNMF
AA25-141A,2025-05-21,Russian GRU Highlights and Exploits Persistent Risks in US Logistics and Transportation Sectors,CISA,Canadian Centre for Cyber Security (CCCS)
AA25-141A,2025-05-21,Russian GRU Highlights and Exploits Persistent Risks in US Logistics and Transportation Sectors,CISA,DOT
AA25-141A,2025-05-21,Russian GRU Highlights and Exploits Persistent Risks in US Logistics and Transportation Sectors,CISA,DTRA
AA25-141A,2025-05-21,Russian GRU Highlights and Exploits Persistent Risks in US Logistics and Transportation Sectors,CISA,FAA
AA25-141A,2025-05-21,Russian GRU Highlights and Exploits Persistent Risks in US Logistics and Transportation Sectors,CISA,FBI
AA25-141A,2025-05-21,Russian GRU Highlights and Exploits Persistent Risks in US Logistics and Transportation Sectors,CISA,NCSC-NZ
AA25-141A,2025-05-21,Russian GRU Highlights and Exploits Persistent Risks in US Logistics and Transportation Sectors,CISA,NCSC-UK
AA25-141A,2025-05-21,Russian GRU Highlights and Exploits Persistent Risks in US Logistics and Transportation Sectors,CISA,NSA
AA25-141A,2025-05-21,Russian GRU Highlights and Exploits Persistent Risks in US Logistics and Transportation Sectors,CISA,TSA
AA25-141A,2025-05-21,Russian GRU Highlights and Exploits Persistent Risks in US Logistics and Transportation Sectors,CISA,USCG CYBER
AA25-141A,2025-05-21,Russian GRU Highlights and Exploits Persistent Risks in US Logistics and Transportation Sectors,CISA,USCYBERCOM CNMF
AA25-141A,2025-05-21,Russian GRU Highlights and Exploits Persistent Risks in US Logistics and Transportation Sectors,Canadian Centre for Cyber Security (CCCS),DOT
AA25-141A,2025-05-21,Russian GRU Highlights and Exploits Persistent Risks in US Logistics and Transportation Sectors,Canadian Centre for Cyber Security (CCCS),DTRA
AA25-141A,2025-05-21,Russian GRU Highlights and Exploits Persistent Risks in US Logistics and Transportation Sectors,Canadian Centre for Cyber Security (CCCS),FAA
AA25-141A,2025-05-21,Russian GRU Highlights and Exploits Persistent Risks in US Logistics and Transportation Sectors,Canadian Centre for Cyber Security (CCCS),FBI
AA25-141A,2025-05-21,Russian GRU Highlights and Exploits Persistent Risks in US Logistics and Transportation Sectors,Canadian Centre for Cyber Security (CCCS),NCSC-NZ
AA25-141A,2025-05-21,Russian GRU Highlights and Exploits Persistent Risks in US Logistics and Transportation Sectors,Canadian Centre for Cyber Security (CCCS),NCSC-UK
AA25-141A,2025-05-21,Russian GRU Highlights and Exploits Persistent Risks in US Logistics and Transportation Sectors,Canadian Centre for Cyber Security (CCCS),NSA
AA25-141A,2025-05-21,Russian GRU Highlights and Exploits Persistent Risks in US Logistics and Transportation Sectors,Canadian Centre for Cyber Security (CCCS),TSA
AA25-141A,2025-05-21,Russian GRU Highlights and Exploits Persistent Risks in US Logistics and Transportation Sectors,Canadian Centre for Cyber Security (CCCS),USCG CYBER
AA25-141A,2025-05-21,Russian GRU Highlights and Exploits Persistent Risks in US Logistics and Transportation Sectors,Canadian Centre for Cyber Security (CCCS),USCYBERCOM CNMF
AA25-141A,2025-05-21,Russian GRU Highlights and Exploits Persistent Risks in US Logistics and Transportation Sectors,DOT,DTRA
AA25-141A,2025-05-21,Russian GRU Highlights and Exploits Persistent Risks in US Logistics and Transportation Sectors,DOT,FAA
AA25-141A,2025-05-21,Russian GRU Highlights and Exploits Persistent Risks in US Logistics and Transportation Sectors,DOT,FBI
AA25-141A,2025-05-21,Russian GRU Highlights and Exploits Persistent Risks in US Logistics and Transportation Sectors,DOT,NCSC-NZ
AA25-141A,2025-05-21,Russian GRU Highlights and Exploits Persistent Risks in US Logistics and Transportation Sectors,DOT,NCSC-UK
AA25-141A,2025-05-21,Russian GRU Highlights and Exploits Persistent Risks in US Logistics and Transportation Sectors,DOT,NSA
AA25-141A,2025-05-21,Russian GRU Highlights and Exploits Persistent Risks in US Logistics and Transportation Sectors,DOT,TSA
AA25-141A,2025-05-21,Russian GRU Highlights and Exploits Persistent Risks in US Logistics and Transportation Sectors,DOT,USCG CYBER
AA25-141A,2025-05-21,Russian GRU Highlights and Exploits Persistent Risks in US Logistics and Transportation Sectors,DOT,USCYBERCOM CNMF
AA25-141A,2025-05-21,Russian GRU Highlights and Exploits Persistent Risks in US Logistics and Transportation Sectors,DTRA,FAA
AA25-141A,2025-05-21,Russian GRU Highlights and Exploits Persistent Risks in US Logistics and Transportation Sectors,DTRA,FBI
AA25-141A,2025-05-21,Russian GRU Highlights and Exploits Persistent Risks in US Logistics and Transportation Sectors,DTRA,NCSC-NZ
AA25-141A,2025-05-21,Russian GRU Highlights and Exploits Persistent Risks in US Logistics and Transportation Sectors,DTRA,NCSC-UK
AA25-141A,2025-05-21,Russian GRU Highlights and Exploits Persistent Risks in US Logistics and Transportation Sectors,DTRA,NSA
AA25-141A,2025-05-21,Russian GRU Highlights and Exploits Persistent Risks in US Logistics and Transportation Sectors,DTRA,TSA
AA25-141A,2025-05-21,Russian GRU Highlights and Exploits Persistent Risks in US Logistics and Transportation Sectors,DTRA,USCG CYBER
AA25-141A,2025-05-21,Russian GRU Highlights and Exploits Persistent Risks in US Logistics and Transportation Sectors,DTRA,USCYBERCOM CNMF
AA25-141A,2025-05-21,Russian GRU Highlights and Exploits Persistent Risks in US Logistics and Transportation Sectors,FAA,FBI
AA25-141A,2025-05-21,Russian GRU Highlights and Exploits Persistent Risks in US Logistics and Transportation Sectors,FAA,NCSC-NZ
AA25-141A,2025-05-21,Russian GRU Highlights and Exploits Persistent Risks in US Logistics and Transportation Sectors,FAA,NCSC-UK
AA25-141A,2025-05-21,Russian GRU Highlights and Exploits Persistent Risks in US Logistics and Transportation Sectors,FAA,NSA
AA25-141A,2025-05-21,Russian GRU Highlights and Exploits Persistent Risks in US Logistics and Transportation Sectors,FAA,TSA
AA25-141A,2025-05-21,Russian GRU Highlights and Exploits Persistent Risks in US Logistics and Transportation Sectors,FAA,USCG CYBER
AA25-141A,2025-05-21,Russian GRU Highlights and Exploits Persistent Risks in US Logistics and Transportation Sectors,FAA,USCYBERCOM CNMF
AA25-141A,2025-05-21,Russian GRU Highlights and Exploits Persistent Risks in US Logistics and Transportation Sectors,FBI,NCSC-NZ
AA25-141A,2025-05-21,Russian GRU Highlights and Exploits Persistent Risks in US Logistics and Transportation Sectors,FBI,NCSC-UK
AA25-141A,2025-05-21,Russian GRU Highlights and Exploits Persistent Risks in US Logistics and Transportation Sectors,FBI,NSA
AA25-141A,2025-05-21,Russian GRU Highlights and Exploits Persistent Risks in US Logistics and Transportation Sectors,FBI,TSA
AA25-141A,2025-05-21,Russian GRU Highlights and Exploits Persistent Risks in US Logistics and Transportation Sectors,FBI,USCG CYBER
AA25-141A,2025-05-21,Russian GRU Highlights and Exploits Persistent Risks in US Logistics and Transportation Sectors,FBI,USCYBERCOM CNMF
AA25-141A,2025-05-21,Russian GRU Highlights and Exploits Persistent Risks in US Logistics and Transportation Sectors,NCSC-NZ,NCSC-UK
AA25-141A,2025-05-21,Russian GRU Highlights and Exploits Persistent Risks in US Logistics and Transportation Sectors,NCSC-NZ,NSA
AA25-141A,2025-05-21,Russian GRU Highlights and Exploits Persistent Risks in US Logistics and Transportation Sectors,NCSC-NZ,TSA
AA25-141A,2025-05-21,Russian GRU Highlights and Exploits Persistent Risks in US Logistics and Transportation Sectors,NCSC-NZ,USCG CYBER
AA25-141A,2025-05-21,Russian GRU Highlights and Exploits Persistent Risks in US Logistics and Transportation Sectors,NCSC-NZ,USCYBERCOM CNMF
AA25-141A,2025-05-21,Russian GRU Highlights and Exploits Persistent Risks in US Logistics and Transportation Sectors,NCSC-UK,NSA
AA25-141A,2025-05-21,Russian GRU Highlights and Exploits Persistent Risks in US Logistics and Transportation Sectors,NCSC-UK,TSA
AA25-141A,2025-05-21,Russian GRU Highlights and Exploits Persistent Risks in US Logistics and Transportation Sectors,NCSC-UK,USCG CYBER
AA25-141A,2025-05-21,Russian GRU Highlights and Exploits Persistent Risks in US Logistics and Transportation Sectors,NCSC-UK,USCYBERCOM CNMF
AA25-141A,2025-05-21,Russian GRU Highlights and Exploits Persistent Risks in US Logistics and Transportation Sectors,NSA,TSA
AA25-141A,2025-05-21,Russian GRU Highlights and Exploits Persistent Risks in US Logistics and Transportation Sectors,NSA,USCG CYBER
AA25-141A,2025-05-21,Russian GRU Highlights and Exploits Persistent Risks in US Logistics and Transportation Sectors,NSA,USCYBERCOM CNMF
AA25-141A,2025-05-21,Russian GRU Highlights and Exploits Persistent Risks in US Logistics and Transportation Sectors,TSA,USCG CYBER
AA25-141A,2025-05-21,Russian GRU Highlights and Exploits Persistent Risks in US Logistics and Transportation Sectors,TSA,USCYBERCOM CNMF
AA25-141A,2025-05-21,Russian GRU Highlights and Exploits Persistent Risks in US Logistics and Transportation Sectors,USCG CYBER,USCYBERCOM CNMF
AA25-203A,2025-07-22,#StopRansomware: Interlock Ransomware,CISA,FBI
AA25-203A,2025-07-22,#StopRansomware: Interlock Ransomware,CISA,HHS
AA25-203A,2025-07-22,#StopRansomware: Interlock Ransomware,CISA,MS-ISAC
AA25-203A,2025-07-22,#StopRansomware: Interlock Ransomware,FBI,HHS
AA25-203A,2025-07-22,#StopRansomware: Interlock Ransomware,FBI,MS-ISAC
AA25-203A,2025-07-22,#StopRansomware: Interlock Ransomware,HHS,MS-ISAC
AA25-071A,2025-02-19,#StopRansomware: Medusa Ransomware,CISA,FBI
AA25-071A,2025-02-19,#StopRansomware: Medusa Ransomware,CISA,MS-ISAC
AA25-071A,2025-02-19,#StopRansomware: Medusa Ransomware,FBI,MS-ISAC
AA25-050A,2025-01-28,#StopRansomware: Ghost (Cring) Ransomware,CISA,FBI
AA25-050A,2025-01-28,#StopRansomware: Ghost (Cring) Ransomware,CISA,MS-ISAC
AA25-050A,2025-01-28,#StopRansomware: Ghost (Cring) Ransomware,FBI,MS-ISAC
AA24-317A,2024-11-12,2023 Top Routinely Exploited Vulnerabilities,ASD ACSC,CERT NZ
AA24-317A,2024-11-12,2023 Top Routinely Exploited Vulnerabilities,ASD ACSC,CISA
AA24-317A,2024-11-12,2023 Top Routinely Exploited Vulnerabilities,ASD ACSC,Canadian Centre for Cyber Security (CCCS)
AA24-317A,2024-11-12,2023 Top Routinely Exploited Vulnerabilities,ASD ACSC,FBI
AA24-317A,2024-11-12,2023 Top Routinely Exploited Vulnerabilities,ASD ACSC,NCSC-NZ
AA24-317A,2024-11-12,2023 Top Routinely Exploited Vulnerabilities,ASD ACSC,NCSC-UK
AA24-317A,2024-11-12,2023 Top Routinely Exploited Vulnerabilities,ASD ACSC,NSA
AA24-317A,2024-11-12,2023 Top Routinely Exploited Vulnerabilities,CERT NZ,CISA
AA24-317A,2024-11-12,2023 Top Routinely Exploited Vulnerabilities,CERT NZ,Canadian Centre for Cyber Security (CCCS)
AA24-317A,2024-11-12,2023 Top Routinely Exploited Vulnerabilities,CERT NZ,FBI
AA24-317A,2024-11-12,2023 Top Routinely Exploited Vulnerabilities,CERT NZ,NCSC-NZ
AA24-317A,2024-11-12,2023 Top Routinely Exploited Vulnerabilities,CERT NZ,NCSC-UK
AA24-317A,2024-11-12,2023 Top Routinely Exploited Vulnerabilities,CERT NZ,NSA
AA24-317A,2024-11-12,2023 Top Routinely Exploited Vulnerabilities,CISA,Canadian Centre for Cyber Security (CCCS)
AA24-317A,2024-11-12,2023 Top Routinely Exploited Vulnerabilities,CISA,FBI
AA24-317A,2024-11-12,2023 Top Routinely Exploited Vulnerabilities,CISA,NCSC-NZ
AA24-317A,2024-11-12,2023 Top Routinely Exploited Vulnerabilities,CISA,NCSC-UK
AA24-317A,2024-11-12,2023 Top Routinely Exploited Vulnerabilities,CISA,NSA
AA24-317A,2024-11-12,2023 Top Routinely Exploited Vulnerabilities,Canadian Centre for Cyber Security (CCCS),FBI
AA24-317A,2024-11-12,2023 Top Routinely Exploited Vulnerabilities,Canadian Centre for Cyber Security (CCCS),NCSC-NZ
AA24-317A,2024-11-12,2023 Top Routinely Exploited Vulnerabilities,Canadian Centre for Cyber Security (CCCS),NCSC-UK
AA24-317A,2024-11-12,2023 Top Routinely Exploited Vulnerabilities,Canadian Centre for Cyber Security (CCCS),NSA
AA24-317A,2024-11-12,2023 Top Routinely Exploited Vulnerabilities,FBI,NCSC-NZ
AA24-317A,2024-11-12,2023 Top Routinely Exploited Vulnerabilities,FBI,NCSC-UK
AA24-317A,2024-11-12,2023 Top Routinely Exploited Vulnerabilities,FBI,NSA
AA24-317A,2024-11-12,2023 Top Routinely Exploited Vulnerabilities,NCSC-NZ,NCSC-UK
AA24-317A,2024-11-12,2023 Top Routinely Exploited Vulnerabilities,NCSC-NZ,NSA
AA24-317A,2024-11-12,2023 Top Routinely Exploited Vulnerabilities,NCSC-UK,NSA
AA24-249A,2024-09-05,Russian Military Cyber Actors Target US and Global Critical Infrastructure (Unit 29155),ASD ACSC,BIS (Czech)
AA24-249A,2024-09-05,Russian Military Cyber Actors Target US and Global Critical Infrastructure (Unit 29155),ASD ACSC,BfV
AA24-249A,2024-09-05,Russian Military Cyber Actors Target US and Global Critical Infrastructure (Unit 29155),ASD ACSC,CERT-UA
AA24-249A,2024-09-05,Russian Military Cyber Actors Target US and Global Critical Infrastructure (Unit 29155),ASD ACSC,CISA
AA24-249A,2024-09-05,Russian Military Cyber Actors Target US and Global Critical Infrastructure (Unit 29155),ASD ACSC,CSE (Canada)
AA24-249A,2024-09-05,Russian Military Cyber Actors Target US and Global Critical Infrastructure (Unit 29155),ASD ACSC,CSIS (Canada)
AA24-249A,2024-09-05,Russian Military Cyber Actors Target US and Global Critical Infrastructure (Unit 29155),ASD ACSC,FBI
AA24-249A,2024-09-05,Russian Military Cyber Actors Target US and Global Critical Infrastructure (Unit 29155),ASD ACSC,KAPO (Estonia)
AA24-249A,2024-09-05,Russian Military Cyber Actors Target US and Global Critical Infrastructure (Unit 29155),ASD ACSC,MIVD
AA24-249A,2024-09-05,Russian Military Cyber Actors Target US and Global Critical Infrastructure (Unit 29155),ASD ACSC,NCSC-UK
AA24-249A,2024-09-05,Russian Military Cyber Actors Target US and Global Critical Infrastructure (Unit 29155),ASD ACSC,NSA
AA24-249A,2024-09-05,Russian Military Cyber Actors Target US and Global Critical Infrastructure (Unit 29155),ASD ACSC,SBU (Ukraine)
AA24-249A,2024-09-05,Russian Military Cyber Actors Target US and Global Critical Infrastructure (Unit 29155),ASD ACSC,U.S. State (RFJ)
AA24-249A,2024-09-05,Russian Military Cyber Actors Target US and Global Critical Infrastructure (Unit 29155),ASD ACSC,U.S. Treasury
AA24-249A,2024-09-05,Russian Military Cyber Actors Target US and Global Critical Infrastructure (Unit 29155),ASD ACSC,USCYBERCOM CNMF
AA24-249A,2024-09-05,Russian Military Cyber Actors Target US and Global Critical Infrastructure (Unit 29155),ASD ACSC,VDD (Latvia)
AA24-249A,2024-09-05,Russian Military Cyber Actors Target US and Global Critical Infrastructure (Unit 29155),ASD ACSC,VZ (Czech)
AA24-249A,2024-09-05,Russian Military Cyber Actors Target US and Global Critical Infrastructure (Unit 29155),BIS (Czech),BfV
AA24-249A,2024-09-05,Russian Military Cyber Actors Target US and Global Critical Infrastructure (Unit 29155),BIS (Czech),CERT-UA
AA24-249A,2024-09-05,Russian Military Cyber Actors Target US and Global Critical Infrastructure (Unit 29155),BIS (Czech),CISA
AA24-249A,2024-09-05,Russian Military Cyber Actors Target US and Global Critical Infrastructure (Unit 29155),BIS (Czech),CSE (Canada)
AA24-249A,2024-09-05,Russian Military Cyber Actors Target US and Global Critical Infrastructure (Unit 29155),BIS (Czech),CSIS (Canada)
AA24-249A,2024-09-05,Russian Military Cyber Actors Target US and Global Critical Infrastructure (Unit 29155),BIS (Czech),FBI
AA24-249A,2024-09-05,Russian Military Cyber Actors Target US and Global Critical Infrastructure (Unit 29155),BIS (Czech),KAPO (Estonia)
AA24-249A,2024-09-05,Russian Military Cyber Actors Target US and Global Critical Infrastructure (Unit 29155),BIS (Czech),MIVD
AA24-249A,2024-09-05,Russian Military Cyber Actors Target US and Global Critical Infrastructure (Unit 29155),BIS (Czech),NCSC-UK
AA24-249A,2024-09-05,Russian Military Cyber Actors Target US and Global Critical Infrastructure (Unit 29155),BIS (Czech),NSA
AA24-249A,2024-09-05,Russian Military Cyber Actors Target US and Global Critical Infrastructure (Unit 29155),BIS (Czech),SBU (Ukraine)
AA24-249A,2024-09-05,Russian Military Cyber Actors Target US and Global Critical Infrastructure (Unit 29155),BIS (Czech),U.S. State (RFJ)
AA24-249A,2024-09-05,Russian Military Cyber Actors Target US and Global Critical Infrastructure (Unit 29155),BIS (Czech),U.S. Treasury
AA24-249A,2024-09-05,Russian Military Cyber Actors Target US and Global Critical Infrastructure (Unit 29155),BIS (Czech),USCYBERCOM CNMF
AA24-249A,2024-09-05,Russian Military Cyber Actors Target US and Global Critical Infrastructure (Unit 29155),BIS (Czech),VDD (Latvia)
AA24-249A,2024-09-05,Russian Military Cyber Actors Target US and Global Critical Infrastructure (Unit 29155),BIS (Czech),VZ (Czech)
AA24-249A,2024-09-05,Russian Military Cyber Actors Target US and Global Critical Infrastructure (Unit 29155),BfV,CERT-UA
AA24-249A,2024-09-05,Russian Military Cyber Actors Target US and Global Critical Infrastructure (Unit 29155),BfV,CISA
AA24-249A,2024-09-05,Russian Military Cyber Actors Target US and Global Critical Infrastructure (Unit 29155),BfV,CSE (Canada)
AA24-249A,2024-09-05,Russian Military Cyber Actors Target US and Global Critical Infrastructure (Unit 29155),BfV,CSIS (Canada)
AA24-249A,2024-09-05,Russian Military Cyber Actors Target US and Global Critical Infrastructure (Unit 29155),BfV,FBI
AA24-249A,2024-09-05,Russian Military Cyber Actors Target US and Global Critical Infrastructure (Unit 29155),BfV,KAPO (Estonia)
AA24-249A,2024-09-05,Russian Military Cyber Actors Target US and Global Critical Infrastructure (Unit 29155),BfV,MIVD
AA24-249A,2024-09-05,Russian Military Cyber Actors Target US and Global Critical Infrastructure (Unit 29155),BfV,NCSC-UK
AA24-249A,2024-09-05,Russian Military Cyber Actors Target US and Global Critical Infrastructure (Unit 29155),BfV,NSA
AA24-249A,2024-09-05,Russian Military Cyber Actors Target US and Global Critical Infrastructure (Unit 29155),BfV,SBU (Ukraine)
AA24-249A,2024-09-05,Russian Military Cyber Actors Target US and Global Critical Infrastructure (Unit 29155),BfV,U.S. State (RFJ)
AA24-249A,2024-09-05,Russian Military Cyber Actors Target US and Global Critical Infrastructure (Unit 29155),BfV,U.S. Treasury
AA24-249A,2024-09-05,Russian Military Cyber Actors Target US and Global Critical Infrastructure (Unit 29155),BfV,USCYBERCOM CNMF
AA24-249A,2024-09-05,Russian Military Cyber Actors Target US and Global Critical Infrastructure (Unit 29155),BfV,VDD (Latvia)
AA24-249A,2024-09-05,Russian Military Cyber Actors Target US and Global Critical Infrastructure (Unit 29155),BfV,VZ (Czech)
AA24-249A,2024-09-05,Russian Military Cyber Actors Target US and Global Critical Infrastructure (Unit 29155),CERT-UA,CISA
AA24-249A,2024-09-05,Russian Military Cyber Actors Target US and Global Critical Infrastructure (Unit 29155),CERT-UA,CSE (Canada)
AA24-249A,2024-09-05,Russian Military Cyber Actors Target US and Global Critical Infrastructure (Unit 29155),CERT-UA,CSIS (Canada)
AA24-249A,2024-09-05,Russian Military Cyber Actors Target US and Global Critical Infrastructure (Unit 29155),CERT-UA,FBI
AA24-249A,2024-09-05,Russian Military Cyber Actors Target US and Global Critical Infrastructure (Unit 29155),CERT-UA,KAPO (Estonia)
AA24-249A,2024-09-05,Russian Military Cyber Actors Target US and Global Critical Infrastructure (Unit 29155),CERT-UA,MIVD
AA24-249A,2024-09-05,Russian Military Cyber Actors Target US and Global Critical Infrastructure (Unit 29155),CERT-UA,NCSC-UK
AA24-249A,2024-09-05,Russian Military Cyber Actors Target US and Global Critical Infrastructure (Unit 29155),CERT-UA,NSA
AA24-249A,2024-09-05,Russian Military Cyber Actors Target US and Global Critical Infrastructure (Unit 29155),CERT-UA,SBU (Ukraine)
AA24-249A,2024-09-05,Russian Military Cyber Actors Target US and Global Critical Infrastructure (Unit 29155),CERT-UA,U.S. State (RFJ)
AA24-249A,2024-09-05,Russian Military Cyber Actors Target US and Global Critical Infrastructure (Unit 29155),CERT-UA,U.S. Treasury
AA24-249A,2024-09-05,Russian Military Cyber Actors Target US and Global Critical Infrastructure (Unit 29155),CERT-UA,USCYBERCOM CNMF
AA24-249A,2024-09-05,Russian Military Cyber Actors Target US and Global Critical Infrastructure (Unit 29155),CERT-UA,VDD (Latvia)
AA24-249A,2024-09-05,Russian Military Cyber Actors Target US and Global Critical Infrastructure (Unit 29155),CERT-UA,VZ (Czech)
AA24-249A,2024-09-05,Russian Military Cyber Actors Target US and Global Critical Infrastructure (Unit 29155),CISA,CSE (Canada)
AA24-249A,2024-09-05,Russian Military Cyber Actors Target US and Global Critical Infrastructure (Unit 29155),CISA,CSIS (Canada)
AA24-249A,2024-09-05,Russian Military Cyber Actors Target US and Global Critical Infrastructure (Unit 29155),CISA,FBI
AA24-249A,2024-09-05,Russian Military Cyber Actors Target US and Global Critical Infrastructure (Unit 29155),CISA,KAPO (Estonia)
AA24-249A,2024-09-05,Russian Military Cyber Actors Target US and Global Critical Infrastructure (Unit 29155),CISA,MIVD
AA24-249A,2024-09-05,Russian Military Cyber Actors Target US and Global Critical Infrastructure (Unit 29155),CISA,NCSC-UK
AA24-249A,2024-09-05,Russian Military Cyber Actors Target US and Global Critical Infrastructure (Unit 29155),CISA,NSA
AA24-249A,2024-09-05,Russian Military Cyber Actors Target US and Global Critical Infrastructure (Unit 29155),CISA,SBU (Ukraine)
AA24-249A,2024-09-05,Russian Military Cyber Actors Target US and Global Critical Infrastructure (Unit 29155),CISA,U.S. State (RFJ)
AA24-249A,2024-09-05,Russian Military Cyber Actors Target US and Global Critical Infrastructure (Unit 29155),CISA,U.S. Treasury
AA24-249A,2024-09-05,Russian Military Cyber Actors Target US and Global Critical Infrastructure (Unit 29155),CISA,USCYBERCOM CNMF
AA24-249A,2024-09-05,Russian Military Cyber Actors Target US and Global Critical Infrastructure (Unit 29155),CISA,VDD (Latvia)
AA24-249A,2024-09-05,Russian Military Cyber Actors Target US and Global Critical Infrastructure (Unit 29155),CISA,VZ (Czech)
AA24-249A,2024-09-05,Russian Military Cyber Actors Target US and Global Critical Infrastructure (Unit 29155),CSE (Canada),CSIS (Canada)
AA24-249A,2024-09-05,Russian Military Cyber Actors Target US and Global Critical Infrastructure (Unit 29155),CSE (Canada),FBI
AA24-249A,2024-09-05,Russian Military Cyber Actors Target US and Global Critical Infrastructure (Unit 29155),CSE (Canada),KAPO (Estonia)
AA24-249A,2024-09-05,Russian Military Cyber Actors Target US and Global Critical Infrastructure (Unit 29155),CSE (Canada),MIVD
AA24-249A,2024-09-05,Russian Military Cyber Actors Target US and Global Critical Infrastructure (Unit 29155),CSE (Canada),NCSC-UK
AA24-249A,2024-09-05,Russian Military Cyber Actors Target US and Global Critical Infrastructure (Unit 29155),CSE (Canada),NSA
AA24-249A,2024-09-05,Russian Military Cyber Actors Target US and Global Critical Infrastructure (Unit 29155),CSE (Canada),SBU (Ukraine)
AA24-249A,2024-09-05,Russian Military Cyber Actors Target US and Global Critical Infrastructure (Unit 29155),CSE (Canada),U.S. State (RFJ)
AA24-249A,2024-09-05,Russian Military Cyber Actors Target US and Global Critical Infrastructure (Unit 29155),CSE (Canada),U.S. Treasury
AA24-249A,2024-09-05,Russian Military Cyber Actors Target US and Global Critical Infrastructure (Unit 29155),CSE (Canada),USCYBERCOM CNMF
AA24-249A,2024-09-05,Russian Military Cyber Actors Target US and Global Critical Infrastructure (Unit 29155),CSE (Canada),VDD (Latvia)
AA24-249A,2024-09-05,Russian Military Cyber Actors Target US and Global Critical Infrastructure (Unit 29155),CSE (Canada),VZ (Czech)
AA24-249A,2024-09-05,Russian Military Cyber Actors Target US and Global Critical Infrastructure (Unit 29155),CSIS (Canada),FBI
AA24-249A,2024-09-05,Russian Military Cyber Actors Target US and Global Critical Infrastructure (Unit 29155),CSIS (Canada),KAPO (Estonia)
AA24-249A,2024-09-05,Russian Military Cyber Actors Target US and Global Critical Infrastructure (Unit 29155),CSIS (Canada),MIVD
AA24-249A,2024-09-05,Russian Military Cyber Actors Target US and Global Critical Infrastructure (Unit 29155),CSIS (Canada),NCSC-UK
AA24-249A,2024-09-05,Russian Military Cyber Actors Target US and Global Critical Infrastructure (Unit 29155),CSIS (Canada),NSA
AA24-249A,2024-09-05,Russian Military Cyber Actors Target US and Global Critical Infrastructure (Unit 29155),CSIS (Canada),SBU (Ukraine)
AA24-249A,2024-09-05,Russian Military Cyber Actors Target US and Global Critical Infrastructure (Unit 29155),CSIS (Canada),U.S. State (RFJ)
AA24-249A,2024-09-05,Russian Military Cyber Actors Target US and Global Critical Infrastructure (Unit 29155),CSIS (Canada),U.S. Treasury
AA24-249A,2024-09-05,Russian Military Cyber Actors Target US and Global Critical Infrastructure (Unit 29155),CSIS (Canada),USCYBERCOM CNMF
AA24-249A,2024-09-05,Russian Military Cyber Actors Target US and Global Critical Infrastructure (Unit 29155),CSIS (Canada),VDD (Latvia)
AA24-249A,2024-09-05,Russian Military Cyber Actors Target US and Global Critical Infrastructure (Unit 29155),CSIS (Canada),VZ (Czech)
AA24-249A,2024-09-05,Russian Military Cyber Actors Target US and Global Critical Infrastructure (Unit 29155),FBI,KAPO (Estonia)
AA24-249A,2024-09-05,Russian Military Cyber Actors Target US and Global Critical Infrastructure (Unit 29155),FBI,MIVD
AA24-249A,2024-09-05,Russian Military Cyber Actors Target US and Global Critical Infrastructure (Unit 29155),FBI,NCSC-UK
AA24-249A,2024-09-05,Russian Military Cyber Actors Target US and Global Critical Infrastructure (Unit 29155),FBI,NSA
AA24-249A,2024-09-05,Russian Military Cyber Actors Target US and Global Critical Infrastructure (Unit 29155),FBI,SBU (Ukraine)
AA24-249A,2024-09-05,Russian Military Cyber Actors Target US and Global Critical Infrastructure (Unit 29155),FBI,U.S. State (RFJ)
AA24-249A,2024-09-05,Russian Military Cyber Actors Target US and Global Critical Infrastructure (Unit 29155),FBI,U.S. Treasury
AA24-249A,2024-09-05,Russian Military Cyber Actors Target US and Global Critical Infrastructure (Unit 29155),FBI,USCYBERCOM CNMF
AA24-249A,2024-09-05,Russian Military Cyber Actors Target US and Global Critical Infrastructure (Unit 29155),FBI,VDD (Latvia)
AA24-249A,2024-09-05,Russian Military Cyber Actors Target US and Global Critical Infrastructure (Unit 29155),FBI,VZ (Czech)
AA24-249A,2024-09-05,Russian Military Cyber Actors Target US and Global Critical Infrastructure (Unit 29155),KAPO (Estonia),MIVD
AA24-249A,2024-09-05,Russian Military Cyber Actors Target US and Global Critical Infrastructure (Unit 29155),KAPO (Estonia),NCSC-UK
AA24-249A,2024-09-05,Russian Military Cyber Actors Target US and Global Critical Infrastructure (Unit 29155),KAPO (Estonia),NSA
AA24-249A,2024-09-05,Russian Military Cyber Actors Target US and Global Critical Infrastructure (Unit 29155),KAPO (Estonia),SBU (Ukraine)
AA24-249A,2024-09-05,Russian Military Cyber Actors Target US and Global Critical Infrastructure (Unit 29155),KAPO (Estonia),U.S. State (RFJ)
AA24-249A,2024-09-05,Russian Military Cyber Actors Target US and Global Critical Infrastructure (Unit 29155),KAPO (Estonia),U.S. Treasury
AA24-249A,2024-09-05,Russian Military Cyber Actors Target US and Global Critical Infrastructure (Unit 29155),KAPO (Estonia),USCYBERCOM CNMF
AA24-249A,2024-09-05,Russian Military Cyber Actors Target US and Global Critical Infrastructure (Unit 29155),KAPO (Estonia),VDD (Latvia)
AA24-249A,2024-09-05,Russian Military Cyber Actors Target US and Global Critical Infrastructure (Unit 29155),KAPO (Estonia),VZ (Czech)
AA24-249A,2024-09-05,Russian Military Cyber Actors Target US and Global Critical Infrastructure (Unit 29155),MIVD,NCSC-UK
AA24-249A,2024-09-05,Russian Military Cyber Actors Target US and Global Critical Infrastructure (Unit 29155),MIVD,NSA
AA24-249A,2024-09-05,Russian Military Cyber Actors Target US and Global Critical Infrastructure (Unit 29155),MIVD,SBU (Ukraine)
AA24-249A,2024-09-05,Russian Military Cyber Actors Target US and Global Critical Infrastructure (Unit 29155),MIVD,U.S. State (RFJ)
AA24-249A,2024-09-05,Russian Military Cyber Actors Target US and Global Critical Infrastructure (Unit 29155),MIVD,U.S. Treasury
AA24-249A,2024-09-05,Russian Military Cyber Actors Target US and Global Critical Infrastructure (Unit 29155),MIVD,USCYBERCOM CNMF
AA24-249A,2024-09-05,Russian Military Cyber Actors Target US and Global Critical Infrastructure (Unit 29155),MIVD,VDD (Latvia)
AA24-249A,2024-09-05,Russian Military Cyber Actors Target US and Global Critical Infrastructure (Unit 29155),MIVD,VZ (Czech)
AA24-249A,2024-09-05,Russian Military Cyber Actors Target US and Global Critical Infrastructure (Unit 29155),NCSC-UK,NSA
AA24-249A,2024-09-05,Russian Military Cyber Actors Target US and Global Critical Infrastructure (Unit 29155),NCSC-UK,SBU (Ukraine)
AA24-249A,2024-09-05,Russian Military Cyber Actors Target US and Global Critical Infrastructure (Unit 29155),NCSC-UK,U.S. State (RFJ)
AA24-249A,2024-09-05,Russian Military Cyber Actors Target US and Global Critical Infrastructure (Unit 29155),NCSC-UK,U.S. Treasury
AA24-249A,2024-09-05,Russian Military Cyber Actors Target US and Global Critical Infrastructure (Unit 29155),NCSC-UK,USCYBERCOM CNMF
AA24-249A,2024-09-05,Russian Military Cyber Actors Target US and Global Critical Infrastructure (Unit 29155),NCSC-UK,VDD (Latvia)
AA24-249A,2024-09-05,Russian Military Cyber Actors Target US and Global Critical Infrastructure (Unit 29155),NCSC-UK,VZ (Czech)
AA24-249A,2024-09-05,Russian Military Cyber Actors Target US and Global Critical Infrastructure (Unit 29155),NSA,SBU (Ukraine)
AA24-249A,2024-09-05,Russian Military Cyber Actors Target US and Global Critical Infrastructure (Unit 29155),NSA,U.S. State (RFJ)
AA24-249A,2024-09-05,Russian Military Cyber Actors Target US and Global Critical Infrastructure (Unit 29155),NSA,U.S. Treasury
AA24-249A,2024-09-05,Russian Military Cyber Actors Target US and Global Critical Infrastructure (Unit 29155),NSA,USCYBERCOM CNMF
AA24-249A,2024-09-05,Russian Military Cyber Actors Target US and Global Critical Infrastructure (Unit 29155),NSA,VDD (Latvia)
AA24-249A,2024-09-05,Russian Military Cyber Actors Target US and Global Critical Infrastructure (Unit 29155),NSA,VZ (Czech)
AA24-249A,2024-09-05,Russian Military Cyber Actors Target US and Global Critical Infrastructure (Unit 29155),SBU (Ukraine),U.S. State (RFJ)
AA24-249A,2024-09-05,Russian Military Cyber Actors Target US and Global Critical Infrastructure (Unit 29155),SBU (Ukraine),U.S. Treasury
AA24-249A,2024-09-05,Russian Military Cyber Actors Target US and Global Critical Infrastructure (Unit 29155),SBU (Ukraine),USCYBERCOM CNMF
AA24-249A,2024-09-05,Russian Military Cyber Actors Target US and Global Critical Infrastructure (Unit 29155),SBU (Ukraine),VDD (Latvia)
AA24-249A,2024-09-05,Russian Military Cyber Actors Target US and Global Critical Infrastructure (Unit 29155),SBU (Ukraine),VZ (Czech)
AA24-249A,2024-09-05,Russian Military Cyber Actors Target US and Global Critical Infrastructure (Unit 29155),U.S. State (RFJ),U.S. Treasury
AA24-249A,2024-09-05,Russian Military Cyber Actors Target US and Global Critical Infrastructure (Unit 29155),U.S. State (RFJ),USCYBERCOM CNMF
AA24-249A,2024-09-05,Russian Military Cyber Actors Target US and Global Critical Infrastructure (Unit 29155),U.S. State (RFJ),VDD (Latvia)
AA24-249A,2024-09-05,Russian Military Cyber Actors Target US and Global Critical Infrastructure (Unit 29155),U.S. State (RFJ),VZ (Czech)
AA24-249A,2024-09-05,Russian Military Cyber Actors Target US and Global Critical Infrastructure (Unit 29155),U.S. Treasury,USCYBERCOM CNMF
AA24-249A,2024-09-05,Russian Military Cyber Actors Target US and Global Critical Infrastructure (Unit 29155),U.S. Treasury,VDD (Latvia)
AA24-249A,2024-09-05,Russian Military Cyber Actors Target US and Global Critical Infrastructure (Unit 29155),U.S. Treasury,VZ (Czech)
AA24-249A,2024-09-05,Russian Military Cyber Actors Target US and Global Critical Infrastructure (Unit 29155),USCYBERCOM CNMF,VDD (Latvia)
AA24-249A,2024-09-05,Russian Military Cyber Actors Target US and Global Critical Infrastructure (Unit 29155),USCYBERCOM CNMF,VZ (Czech)
AA24-249A,2024-09-05,Russian Military Cyber Actors Target US and Global Critical Infrastructure (Unit 29155),VDD (Latvia),VZ (Czech)
AA24-038A,2024-02-07,PRC State-Sponsored Actors Compromise and Maintain Persistent Access to U.S. Critical Infrastructure (Volt Typhoon),CISA,FBI
AA24-038A,2024-02-07,PRC State-Sponsored Actors Compromise and Maintain Persistent Access to U.S. Critical Infrastructure (Volt Typhoon),CISA,NSA
AA24-038A,2024-02-07,PRC State-Sponsored Actors Compromise and Maintain Persistent Access to U.S. Critical Infrastructure (Volt Typhoon),FBI,NSA
AA25-157A,2025-06-05,Fast Flux DNS Network Threats and Defenses,ASD ACSC,CERT NZ
AA25-157A,2025-06-05,Fast Flux DNS Network Threats and Defenses,ASD ACSC,CISA
AA25-157A,2025-06-05,Fast Flux DNS Network Threats and Defenses,ASD ACSC,Canadian Centre for Cyber Security (CCCS)
AA25-157A,2025-06-05,Fast Flux DNS Network Threats and Defenses,ASD ACSC,FBI
AA25-157A,2025-06-05,Fast Flux DNS Network Threats and Defenses,ASD ACSC,NCSC-UK
AA25-157A,2025-06-05,Fast Flux DNS Network Threats and Defenses,ASD ACSC,NSA
AA25-157A,2025-06-05,Fast Flux DNS Network Threats and Defenses,CERT NZ,CISA
AA25-157A,2025-06-05,Fast Flux DNS Network Threats and Defenses,CERT NZ,Canadian Centre for Cyber Security (CCCS)
AA25-157A,2025-06-05,Fast Flux DNS Network Threats and Defenses,CERT NZ,FBI
AA25-157A,2025-06-05,Fast Flux DNS Network Threats and Defenses,CERT NZ,NCSC-UK
AA25-157A,2025-06-05,Fast Flux DNS Network Threats and Defenses,CERT NZ,NSA
AA25-157A,2025-06-05,Fast Flux DNS Network Threats and Defenses,CISA,Canadian Centre for Cyber Security (CCCS)
AA25-157A,2025-06-05,Fast Flux DNS Network Threats and Defenses,CISA,FBI
AA25-157A,2025-06-05,Fast Flux DNS Network Threats and Defenses,CISA,NCSC-UK
AA25-157A,2025-06-05,Fast Flux DNS Network Threats and Defenses,CISA,NSA
AA25-157A,2025-06-05,Fast Flux DNS Network Threats and Defenses,Canadian Centre for Cyber Security (CCCS),FBI
AA25-157A,2025-06-05,Fast Flux DNS Network Threats and Defenses,Canadian Centre for Cyber Security (CCCS),NCSC-UK
AA25-157A,2025-06-05,Fast Flux DNS Network Threats and Defenses,Canadian Centre for Cyber Security (CCCS),NSA
AA25-157A,2025-06-05,Fast Flux DNS Network Threats and Defenses,FBI,NCSC-UK
AA25-157A,2025-06-05,Fast Flux DNS Network Threats and Defenses,FBI,NSA
AA25-157A,2025-06-05,Fast Flux DNS Network Threats and Defenses,NCSC-UK,NSA
